{
  "$schema": "https://schema.management.azure.com/schemas/2019-04-01/deploymentTemplate.json#",
  "contentVersion": "1.0.0.0",
  "parameters": {
    "StorageAccountName": {
      "type": "string",
      "metadata": {
        "description": "Storage Account Name"
      },
      "minLength":10,
      "maxLength":24
    }
  },
  "functions": [],
  "variables": {},
  "resources": [{
    "name": "[parameters('StorageAccountName')]",
    "type": "Microsoft.Storage/storageAccounts",
    "apiVersion": "2021-08-01",
    "tags": {
      "displayName": "[parameters('StorageAccountName')]"
    },
    "location": "[resourceGroup().location]",
    "kind": "StorageV2",
    "sku": {
      "name": "Standard_LRS",
      "tier": "Standard"
    }
  }],
  "outputs": {}
}