{
  "$schema": "https://schema.management.azure.com/schemas/2018-05-01/subscriptionDeploymentTemplate.json#",
  "contentVersion": "1.0.0.0",
  "parameters": {
    "rgName": {
      "type": "string",
      "metadata": {
        "description": "Name of the resourceGroup to create"
      }
    },
    "rgLocation": {
      "type": "string",
      "defaultValue": "[deployment().location]",
      "metadata": {
        "description": "Location for the resourceGroup"
      }
    }
  },
  "resources": [
    {
      "type": "Microsoft.Resources/resourceGroups",
      "apiVersion": "2020-06-01",
      "name": "[parameters('rgName')]",
      "location": "[parameters('rgLocation')]",
      "tags": {
        "Note": "subscription level deployment"
      },
      "properties": {}
    }
  ]
}